id,title,event_date,publication_date,location,actors,affected_population,category,summary,claim,legal_characterization,legal_status,evidence_type,source_organization,source_title,source_url,source_document_id,source_page,source_quote,verification_notes,related_records,tags,created_at,updated_at
un-coi-civilian-homes-7-october-2024-06-12,UN Commission finding on attacks at civilian locations,2023-10-07,2024-06-12,"[""Southern Israel""]","[""Hamas military wing"", ""other Palestinian armed groups""]","[""Israeli civilians""]",attack-on-civilians,The Commission examined attacks at civilian communities and other civilian locations on 7 October.,"The Commission found that members of Palestinian armed groups deliberately killed, injured, mistreated and took hostages among civilians at locations in southern Israel on 7 October 2023.",Factual finding by a UN commission of inquiry; not a judicial judgment or individual conviction.,UN_FINDING,"[""official-report"", ""witness-interview"", ""document"", ""image"", ""video"", ""expert-analysis""]","United Nations Independent International Commission of Inquiry on the Occupied Palestinian Territory, including East Jerusalem, and Israel","Report of the Independent International Commission of Inquiry on the Occupied Palestinian Territory, including East Jerusalem, and Israel",https://docs.un.org/en/A/HRC/56/26,A/HRC/56/26,"pp. 6-9, paras. 24-41",,"Verified against the cited paragraphs of A/HRC/56/26 and the Commission methodology in paragraphs 3-7, including its reasonable-grounds standard. This is attributed to the Commission and is not a court judgment or an individual conviction.","[""un-coi-palestinian-armed-groups-2024-06-12""]","[""7-october"", ""attacks-on-civilians"", ""hamas"", ""un-commission-of-inquiry""]",2026-08-16T00:00:00Z,2026-08-16T00:00:00Z
un-coi-hind-rajab-ambulance-attack-2024-09-11,UN Commission finding on the Hind Rajab family and ambulance attack,2024-01-29,2024-09-11,"[""Gaza City"", ""Gaza Strip""]","[""Israeli security forces"", ""162 Division""]","[""Palestinian civilians"", ""Palestinian children"", ""Palestine Red Crescent Society paramedics""]",attack-on-civilians,The Commission investigated the killing of a family in a vehicle and two paramedics in a dispatched ambulance on 29 January 2024.,"The Commission concluded on reasonable grounds that the Israeli 162 Division was operating in the area and was responsible for killing the family of seven, including five children, and shelling the ambulance, killing two paramedics.",UN Commission finding that the actions constituted war crimes of wilful killing and an attack against civilian objects; not a judicial judgment.,UN_FINDING,"[""official-report"", ""witness-interview"", ""document"", ""image"", ""video"", ""expert-analysis""]","United Nations Independent International Commission of Inquiry on the Occupied Palestinian Territory, including East Jerusalem, and Israel","Report of the Independent International Commission of Inquiry on the Occupied Palestinian Territory, including East Jerusalem, and Israel",https://docs.un.org/en/A/79/232,A/79/232,para. 95; see also para. 11,,Verified against paragraph 95 and the underlying factual discussion in paragraph 11 of A/79/232. Attribution and the reasonable-grounds standard are preserved; this is not presented as an individual criminal conviction.,"[""un-coi-israeli-operations-gaza-2024-06-12""]","[""attacks-on-civilians"", ""children"", ""gaza"", ""israeli-forces"", ""un-commission-of-inquiry"", ""war-crimes""]",2026-08-16T00:00:00Z,2026-08-16T00:00:00Z
un-coi-sexual-gender-violence-method-of-war-2025-03-13,UN Commission finding on sexual and gender-based violence as a method of war,,2025-03-13,"[""Occupied Palestinian Territory""]","[""Israeli security forces""]","[""Palestinian civilians""]",attack-on-civilians,"The Commission assessed the frequency, prevalence and severity of sexual and gender-based crimes across the Occupied Palestinian Territory.","The Commission concluded that sexual and gender-based violence was increasingly used as a method of war by Israel to destabilize, dominate, oppress and destroy the Palestinian people.",UN Commission finding based on a documented pattern that included acts it characterized as war crimes and crimes against humanity; not a judicial judgment.,UN_FINDING,"[""official-report"", ""witness-interview"", ""document"", ""image"", ""video"", ""medical-record"", ""expert-analysis""]","United Nations Independent International Commission of Inquiry on the Occupied Palestinian Territory, including East Jerusalem, and Israel","“More than a human can bear”: Israel’s systematic use of sexual, reproductive and other forms of gender-based violence since 7 October 2023",https://docs.un.org/en/A/HRC/58/CRP.6,A/HRC/58/CRP.6,para. 223,,Verified against paragraph 223 of A/HRC/58/CRP.6. The record reproduces the Commission's institutional conclusion and does not convert it into a court finding or a finding of individual criminal liability.,"[""un-coi-palestinian-detainee-sexualized-torture-2024-09-11"", ""un-coi-israeli-operations-gaza-2024-06-12""]","[""attacks-on-civilians"", ""israeli-forces"", ""sexual-violence"", ""torture"", ""un-commission-of-inquiry"", ""war-crimes""]",2026-08-16T00:00:00Z,2026-08-16T00:00:00Z
un-coi-children-killed-7-october-2024-06-12,UN Commission finding on children killed on 7 October,2023-10-07,2024-06-12,"[""Israel""]","[""Hamas military wing"", ""other Palestinian armed groups""]","[""children in Israel""]",children,The Commission documented children among those killed during the 7 October attack in Israel.,The Commission found that Palestinian armed groups killed children during their 7 October 2023 attack in Israel.,Factual finding by a UN commission of inquiry; not a judicial judgment or assignment of individual criminal responsibility.,UN_FINDING,"[""official-report"", ""witness-interview"", ""document"", ""image"", ""video"", ""expert-analysis""]","United Nations Independent International Commission of Inquiry on the Occupied Palestinian Territory, including East Jerusalem, and Israel","Report of the Independent International Commission of Inquiry on the Occupied Palestinian Territory, including East Jerusalem, and Israel",https://docs.un.org/en/A/HRC/56/26,A/HRC/56/26,"pp. 6-7, paras. 24-28",,"Verified against the cited paragraphs of A/HRC/56/26 and the Commission methodology in paragraphs 3-7, including its reasonable-grounds standard. This is attributed to the Commission and is not a court judgment or an individual conviction. Classification judgment: the focused factual finding is categorized as children rather than attack-on-civilians; manual review is requested.","[""un-coi-palestinian-armed-groups-2024-06-12""]","[""7-october"", ""children"", ""hamas"", ""un-commission-of-inquiry""]",2026-08-16T00:00:00Z,2026-08-16T00:00:00Z
un-coi-gaza-child-casualties-2024-06-12,UN Commission finding on child casualties in Gaza,,2024-06-12,"[""Gaza Strip""]","[""Israeli security forces""]","[""Palestinian children""]",children,The Commission addressed the scale and effects of child casualties caused during Israeli operations in Gaza.,The Commission found that Israeli attacks in Gaza resulted in thousands of children killed and injured and that children were disproportionately affected by the hostilities.,Factual finding by a UN commission of inquiry; not a judicial judgment.,UN_FINDING,"[""official-report"", ""witness-interview"", ""document"", ""image"", ""video"", ""expert-analysis""]","United Nations Independent International Commission of Inquiry on the Occupied Palestinian Territory, including East Jerusalem, and Israel","Report of the Independent International Commission of Inquiry on the Occupied Palestinian Territory, including East Jerusalem, and Israel",https://docs.un.org/en/A/HRC/56/26,A/HRC/56/26,"pp. 14-15, paras. 78-82",,"Verified against the cited paragraphs of A/HRC/56/26 and the Commission methodology in paragraphs 3-7, including its reasonable-grounds standard. This is attributed to the Commission and is not a court judgment or an individual conviction.","[""un-coi-israeli-operations-gaza-2024-06-12""]","[""children"", ""civilian-harm"", ""gaza"", ""israeli-forces"", ""un-commission-of-inquiry""]",2026-08-16T00:00:00Z,2026-08-16T00:00:00Z
un-coi-west-bank-education-settler-attacks-2025-05-06,UN Commission finding on West Bank education and settler attacks,,2025-05-06,"[""West Bank, including East Jerusalem""]","[""Israeli security forces"", ""Israeli settlers"", ""Israeli authorities""]","[""Palestinian children"", ""Palestinian students"", ""education personnel""]",children,"The Commission assessed the effects of military operations, access restrictions, demolitions and settler attacks on Palestinian education in the West Bank.","The Commission found that more than 806,000 students were affected and that Israel had done little to prevent or prosecute settlers who intentionally targeted educational facilities to terrorize communities and force them from their homes.",Factual and legal finding by a UN commission of inquiry concerning the occupying Power's protection obligations; not a judicial judgment.,UN_FINDING,"[""official-report"", ""witness-interview"", ""document"", ""image"", ""video""]","United Nations Independent International Commission of Inquiry on the Occupied Palestinian Territory, including East Jerusalem, and Israel","Report of the Independent International Commission of Inquiry on the Occupied Palestinian Territory, including East Jerusalem, and Israel",https://docs.un.org/en/A/HRC/59/26,A/HRC/59/26,paras. 82-83,,Verified against paragraphs 82-83 of A/HRC/59/26. The record attributes the protection-obligation finding to the Commission and keeps the scope limited to education-related harms discussed there.,"[""icj-settler-violence-protection-2024-07-19"", ""un-coi-gaza-education-system-destruction-2025-05-06""]","[""children"", ""occupation"", ""settler-violence"", ""un-commission-of-inquiry""]",2026-08-16T00:00:00Z,2026-08-16T00:00:00Z
un-coi-gaza-education-system-destruction-2025-05-06,UN Commission finding on destruction of Gaza's education system,,2025-05-06,"[""Gaza Strip""]","[""Israeli security forces""]","[""Palestinian children"", ""Palestinian students"", ""education personnel""]",civilian-infrastructure,The Commission assessed damage to schools and universities and the long-term effects on education in Gaza.,"The Commission found that Israeli attacks since October 2023 effectively destroyed Gaza's education system and that deliberate, unnecessary burning and demolition of schools violated international humanitarian law principles.",Factual and legal findings by a UN commission of inquiry; not a judicial judgment.,UN_FINDING,"[""official-report"", ""document"", ""image"", ""video"", ""satellite-imagery"", ""expert-analysis""]","United Nations Independent International Commission of Inquiry on the Occupied Palestinian Territory, including East Jerusalem, and Israel","Report of the Independent International Commission of Inquiry on the Occupied Palestinian Territory, including East Jerusalem, and Israel",https://docs.un.org/en/A/HRC/59/26,A/HRC/59/26,paras. 76-80,,Verified against paragraphs 76-80 of A/HRC/59/26. The record is limited to the Commission's education-system findings and does not independently infer legal responsibility beyond the report.,"[""un-coi-gaza-child-casualties-2024-06-12"", ""un-coi-israeli-operations-gaza-2024-06-12""]","[""children"", ""civilian-infrastructure"", ""gaza"", ""israeli-forces"", ""un-commission-of-inquiry""]",2026-08-16T00:00:00Z,2026-08-16T00:00:00Z
un-coi-gaza-healthcare-destruction-policy-2024-09-11,UN Commission finding on policy to destroy Gaza health care,,2024-09-11,"[""Gaza Strip""]","[""State of Israel"", ""Israeli security forces""]","[""Palestinian civilians"", ""medical personnel"", ""patients""]",civilian-infrastructure,The Commission made a focused finding concerning the destruction of Gaza's health-care system and treatment of medical personnel.,"The Commission found that Israel implemented a concerted policy to destroy Gaza's health-care system and that Israeli security forces deliberately killed, wounded, detained, mistreated and tortured medical personnel and targeted medical vehicles.",UN Commission finding that included war-crime and crime-against-humanity characterizations; not a judicial judgment.,UN_FINDING,"[""official-report"", ""witness-interview"", ""document"", ""image"", ""video"", ""expert-analysis""]","United Nations Independent International Commission of Inquiry on the Occupied Palestinian Territory, including East Jerusalem, and Israel","Report of the Independent International Commission of Inquiry on the Occupied Palestinian Territory, including East Jerusalem, and Israel",https://docs.un.org/en/A/79/232,A/79/232,para. 89,,Verified against paragraph 89 of A/79/232. The record attributes the policy and legal characterizations to the Commission and does not present them as findings of a court or as individual criminal convictions.,"[""un-coi-gaza-hospitals-2024-06-12"", ""un-coi-israeli-operations-gaza-2024-06-12""]","[""civilian-infrastructure"", ""gaza"", ""hospitals"", ""israeli-forces"", ""un-commission-of-inquiry"", ""war-crimes""]",2026-08-16T00:00:00Z,2026-08-16T00:00:00Z
un-coi-gaza-hospital-attacks-war-crimes-2024-09-11,UN Commission findings on attacks against four Gaza hospitals,,2024-09-11,"[""Gaza Strip""]","[""Israeli security forces""]","[""Palestinian civilians"", ""patients"", ""medical personnel""]",civilian-infrastructure,"The Commission assessed Israeli attacks on Nasr, Shifa, Awdah and Turkish-Palestinian Friendship hospitals.","The Commission found that Israeli security forces failed to adhere to precaution, distinction and proportionality in attacks on four Gaza hospitals, constituting war crimes of wilful killing and attacks against protected objects.",War-crime finding by a UN commission of inquiry under its evidentiary standard; not a judicial judgment or conviction.,UN_FINDING,"[""official-report"", ""witness-interview"", ""document"", ""image"", ""video"", ""expert-analysis""]","United Nations Independent International Commission of Inquiry on the Occupied Palestinian Territory, including East Jerusalem, and Israel","Report of the Independent International Commission of Inquiry on the Occupied Palestinian Territory, including East Jerusalem, and Israel",https://docs.un.org/en/A/79/232,A/79/232,paras. 91-92,,"Verified against paragraphs 91-92 of A/79/232. Unlike the earlier A/HRC/56/26 health-system record, this later report expressly makes hospital-specific legal findings. The record preserves the Commission's status and does not convert the finding into a court judgment.","[""un-coi-gaza-hospitals-2024-06-12"", ""un-coi-gaza-healthcare-destruction-policy-2024-09-11""]","[""civilian-infrastructure"", ""gaza"", ""hospitals"", ""israeli-forces"", ""un-commission-of-inquiry"", ""war-crimes""]",2026-08-16T00:00:00Z,2026-08-16T00:00:00Z
un-coi-gaza-hospitals-2024-06-12,UN Commission finding on damage to Gaza health care,,2024-06-12,"[""Gaza Strip""]","[""Israeli security forces""]","[""patients"", ""medical personnel"", ""displaced civilians""]",civilian-infrastructure,The Commission examined the effect of Israeli military operations on Gaza’s health-care facilities and services through 31 December 2023.,"The Commission found that Israeli attacks severely damaged Gaza’s health-care infrastructure, reducing the availability and accessibility of health services.",Factual finding by a UN commission of inquiry; this record does not characterize attacks on hospitals as a specific war crime and is not a judicial judgment.,UN_FINDING,"[""official-report"", ""witness-interview"", ""document"", ""image"", ""video"", ""expert-analysis""]","United Nations Independent International Commission of Inquiry on the Occupied Palestinian Territory, including East Jerusalem, and Israel","Report of the Independent International Commission of Inquiry on the Occupied Palestinian Territory, including East Jerusalem, and Israel",https://docs.un.org/en/A/HRC/56/26,A/HRC/56/26,"pp. 13-14, paras. 70-75",,Verified against the health-care discussion in paragraphs 70-75 of A/HRC/56/26 and the Commission’s reasonable-grounds standard in paragraph 6. The claim is limited to the reported damage and effect on health services; it does not combine those passages with the report’s general legal finding about attacks on civilian objects or assert a hospital-specific war-crime finding.,"[""un-coi-israeli-operations-gaza-2024-06-12""]","[""civilian-infrastructure"", ""gaza"", ""hospitals"", ""israeli-forces"", ""un-commission-of-inquiry""]",2026-08-16T00:00:00Z,2026-08-16T00:00:00Z
un-coi-hamas-school-military-use-2025-05-06,UN Commission finding on Hamas military use of a Gaza school,,2025-05-06,"[""Gaza City"", ""Gaza Strip""]","[""Hamas military wing""]","[""Palestinian civilians"", ""Palestinian students""]",civilian-infrastructure,The Commission verified one instance in which Hamas used a school in Gaza City for military purposes.,"The Commission verified that the Hamas military wing used the Anas Bin-Malik basic school for boys for military purposes, including placing improvised explosive devices in the school for an ambush against approaching Israeli forces.",Verified factual finding by a UN commission of inquiry; the Commission stated that military use of educational facilities violates the requirement to distinguish civilian objects from military objectives.,UN_FINDING,"[""official-report"", ""video"", ""document""]","United Nations Independent International Commission of Inquiry on the Occupied Palestinian Territory, including East Jerusalem, and Israel","Report of the Independent International Commission of Inquiry on the Occupied Palestinian Territory, including East Jerusalem, and Israel",https://docs.un.org/en/A/HRC/59/26,A/HRC/59/26,paras. 23 and 81,,Verified against paragraphs 23 and 81 of A/HRC/59/26. The claim is deliberately limited to the single school use that the Commission says it verified and does not generalize military use to other schools without evidence.,"[""un-coi-palestinian-armed-groups-2024-06-12"", ""un-coi-gaza-education-system-destruction-2025-05-06""]","[""civilian-infrastructure"", ""gaza"", ""hamas"", ""un-commission-of-inquiry""]",2026-08-16T00:00:00Z,2026-08-16T00:00:00Z
un-coi-reproductive-capacity-birth-prevention-2025-03-13,UN Commission finding on destruction of reproductive capacity in Gaza,,2025-03-13,"[""Gaza Strip""]","[""Israeli authorities"", ""Israeli security forces""]","[""Palestinians in the Gaza Strip"", ""Palestinian women and girls""]",civilian-infrastructure,The Commission assessed systematic destruction of sexual and reproductive health-care facilities and restrictions on reproductive care in Gaza.,"The Commission found that Israeli authorities destroyed in part the reproductive capacity of Palestinians in Gaza as a group, including by imposing measures intended to prevent births.",UN Commission finding identifying measures intended to prevent births as a category of genocidal acts under the Genocide Convention and Rome Statute; not a court judgment.,UN_FINDING,"[""official-report"", ""witness-interview"", ""document"", ""medical-record"", ""expert-analysis""]","United Nations Independent International Commission of Inquiry on the Occupied Palestinian Territory, including East Jerusalem, and Israel","“More than a human can bear”: Israel’s systematic use of sexual, reproductive and other forms of gender-based violence since 7 October 2023",https://docs.un.org/en/A/HRC/58/CRP.6,A/HRC/58/CRP.6,para. 218,,Verified against paragraph 218 of A/HRC/58/CRP.6. The genocidal-act characterization is the Commission's finding under its mandate; this record does not describe it as a final ICJ merits judgment or independent conclusion of the ledger.,"[""un-coi-gaza-healthcare-destruction-policy-2024-09-11"", ""un-coi-gaza-hospitals-2024-06-12""]","[""gaza"", ""genocide-convention"", ""hospitals"", ""israeli-authorities"", ""reproductive-violence"", ""un-commission-of-inquiry""]",2026-08-16T00:00:00Z,2026-08-16T00:00:00Z
un-coi-reproductive-harm-conditions-of-life-2025-03-13,UN Commission finding on reproductive harm and conditions of life in Gaza,,2025-03-13,"[""Gaza Strip""]","[""Israeli authorities"", ""Israeli security forces""]","[""Palestinian women and girls"", ""Palestinians in the Gaza Strip""]",civilian-infrastructure,The Commission assessed the physical and mental effects of the collapse of sexual and reproductive health care on Palestinians in Gaza.,The Commission found that the lack of access to sexual and reproductive health care caused immediate and long-term physical and mental harm and that the underlying acts deliberately inflicted conditions of life calculated to bring about the physical destruction of Palestinians as a group.,UN Commission finding identifying crimes against humanity and a category of genocidal acts; not a final judicial determination.,UN_FINDING,"[""official-report"", ""witness-interview"", ""document"", ""medical-record"", ""expert-analysis""]","United Nations Independent International Commission of Inquiry on the Occupied Palestinian Territory, including East Jerusalem, and Israel","“More than a human can bear”: Israel’s systematic use of sexual, reproductive and other forms of gender-based violence since 7 October 2023",https://docs.un.org/en/A/HRC/58/CRP.6,A/HRC/58/CRP.6,para. 219,,Verified against paragraph 219 of A/HRC/58/CRP.6. The legal characterization is attributed to the Commission and is not presented as an ICJ merits judgment or an independent legal conclusion by the ledger.,"[""un-coi-reproductive-capacity-birth-prevention-2025-03-13"", ""un-coi-gaza-healthcare-destruction-policy-2024-09-11""]","[""gaza"", ""genocide-convention"", ""hospitals"", ""israeli-authorities"", ""reproductive-violence"", ""un-commission-of-inquiry""]",2026-08-16T00:00:00Z,2026-08-16T00:00:00Z
ohchr-detention-gaza-hostilities-2024-07-31,OHCHR report on detention in the context of Gaza hostilities,,2024-07-31,"[""Gaza Strip"", ""Israel"", ""West Bank, including East Jerusalem""]","[""Israeli authorities"", ""Palestinian armed groups""]","[""Palestinian detainees"", ""Israeli hostages""]",detention,OHCHR documented accounts and other information concerning Palestinian detention and the treatment of Israeli hostages between 7 October 2023 and 30 June 2024.,"OHCHR documented information that thousands of Palestinians had been taken into custody since 7 October 2023 and accounts of prolonged blindfolding, deprivation of food and sleep, beatings, electric shocks, and other ill-treatment; it also documented information concerning hostage-taking and reported ill-treatment of Israeli hostages by Palestinian armed groups.","Documented evidence and accounts relevant to alleged arbitrary detention, torture or other ill-treatment, enforced disappearance, hostage-taking, and abuse; not an adjudication of individual cases.",DOCUMENTED_EVIDENCE,"[""official-report"", ""witness-interview"", ""document"", ""medical-record""]",Office of the United Nations High Commissioner for Human Rights,Detention in the context of the escalation of hostilities in Gaza (7 October 2023 - 30 June 2024),https://www.ohchr.org/sites/default/files/documents/countries/opt/20240731-Thematic-report-Detention-context-Gaza-hostilities.pdf,OHCHR-OPT-Detention-Thematic-Report-2024-07-31,"pp. 2-3, executive summary, paras. 2-8","Thousands of Palestinians have been taken into custody, mostly men, but also women and children","Verified against the report's executive summary, scope, and methodology. The report covers 7 October 2023 to 30 June 2024 and explains access and verification limitations. DOCUMENTED_EVIDENCE is used for the bounded claim about information and accounts OHCHR documented; it does not convert each reported incident into an adjudicated factual or legal finding.","[""un-coi-palestinian-armed-groups-2024-06-12"", ""un-coi-israeli-operations-gaza-2024-06-12""]","[""arbitrary-detention"", ""detainees"", ""hostages"", ""ohchr"", ""torture""]",2026-08-16T00:00:00Z,2026-08-16T00:00:00Z
ohchr-gaza-detainees-incommunicado-2024-07-31,OHCHR documentation of incommunicado detention from Gaza,,2024-07-31,"[""Gaza Strip"", ""Israel""]","[""Israeli authorities""]","[""Palestinian detainees from Gaza""]",detention,OHCHR examined the legal status and access restrictions affecting Palestinians detained from Gaza.,OHCHR documented that many Palestinians taken from Gaza were held for prolonged periods without information to their families about their fate or whereabouts and without access to lawyers.,Documented evidence relevant to alleged arbitrary and incommunicado detention and enforced disappearance; not an adjudication of individual cases.,DOCUMENTED_EVIDENCE,"[""official-report"", ""witness-interview"", ""document""]",Office of the United Nations High Commissioner for Human Rights,Detention in the context of the escalation of hostilities in Gaza (7 October 2023 - 30 June 2024),https://www.ohchr.org/sites/default/files/documents/countries/opt/20240731-Thematic-report-Detention-context-Gaza-hostilities.pdf,OHCHR-OPT-Detention-Thematic-Report-2024-07-31,"pp. 7-11, paras. 24-41",,"Verified against the cited sections of the OHCHR thematic report, including its scope and methodology. OHCHR documents accounts and information; this record does not treat every reported incident as an adjudicated finding. Classification judgment: enforced-disappearance relevance is noted conservatively without asserting that all legal elements were established; manual review is requested.","[""ohchr-detention-gaza-hostilities-2024-07-31""]","[""arbitrary-detention"", ""detainees"", ""gaza"", ""ohchr""]",2026-08-16T00:00:00Z,2026-08-16T00:00:00Z
ohchr-palestinian-detainee-treatment-2024-07-31,OHCHR documentation of Palestinian detainee treatment,,2024-07-31,"[""Israel"", ""Occupied Palestinian Territory""]","[""Israeli authorities""]","[""Palestinian detainees""]",detention,OHCHR documented consistent accounts of treatment of Palestinian detainees between 7 October 2023 and 30 June 2024.,"OHCHR documented accounts from released Palestinian detainees describing prolonged blindfolding and shackling, deprivation of food and sleep, beatings, stress positions and electric shocks while in Israeli custody.",Documented accounts relevant to alleged torture or other ill-treatment; not an adjudication of any individual allegation.,DOCUMENTED_EVIDENCE,"[""official-report"", ""witness-interview"", ""document"", ""medical-record""]",Office of the United Nations High Commissioner for Human Rights,Detention in the context of the escalation of hostilities in Gaza (7 October 2023 - 30 June 2024),https://www.ohchr.org/sites/default/files/documents/countries/opt/20240731-Thematic-report-Detention-context-Gaza-hostilities.pdf,OHCHR-OPT-Detention-Thematic-Report-2024-07-31,"pp. 11-15, paras. 42-60",,"Verified against the cited sections of the OHCHR thematic report, including its scope and methodology. OHCHR documents accounts and information; this record does not treat every reported incident as an adjudicated finding.","[""ohchr-detention-gaza-hostilities-2024-07-31""]","[""detainees"", ""israeli-authorities"", ""ohchr"", ""torture""]",2026-08-16T00:00:00Z,2026-08-16T00:00:00Z
un-coi-detainees-human-shields-2024-09-11,UN Commission finding on detainees used as human shields,,2024-09-11,"[""Gaza Strip"", ""West Bank""]","[""Israeli security forces""]","[""Palestinian detainees""]",detention,The Commission examined instances in which Palestinian detainees were placed ahead of Israeli military personnel or vehicles during operations.,"The Commission found that Israeli security forces used detainees as human shields in several instances in the West Bank and Gaza, including forcing detainees into tunnels and buildings ahead of military personnel.",War-crime finding by a UN commission of inquiry; not a judicial judgment or individual conviction.,UN_FINDING,"[""official-report"", ""witness-interview"", ""document"", ""image"", ""video""]","United Nations Independent International Commission of Inquiry on the Occupied Palestinian Territory, including East Jerusalem, and Israel","Report of the Independent International Commission of Inquiry on the Occupied Palestinian Territory, including East Jerusalem, and Israel",https://docs.un.org/en/A/79/232,A/79/232,para. 107,,Verified against paragraph 107 of A/79/232. The legal characterization is explicitly attributed to the Commission and does not assign criminal liability to a named individual.,"[""ohchr-detention-gaza-hostilities-2024-07-31"", ""un-coi-israeli-operations-gaza-2024-06-12""]","[""detainees"", ""gaza"", ""israeli-forces"", ""torture"", ""un-commission-of-inquiry"", ""war-crimes""]",2026-08-16T00:00:00Z,2026-08-16T00:00:00Z
un-coi-detention-gender-violence-policy-2025-03-13,UN Commission finding on gender-based violence policy in detention,,2025-03-13,"[""Israel"", ""Occupied Palestinian Territory""]","[""Israeli authorities""]","[""Palestinian detainees""]",detention,The Commission assessed widespread sexual and gender-based violence against Palestinian detainees across multiple facilities and stages of custody.,"The Commission found that mistreatment of Palestinian detainees by Israeli authorities resulted from an intentional policy using sexual, reproductive and other forms of gender-based violence to humiliate and degrade Palestinians in detention.",Policy finding by a UN commission of inquiry; not a judicial judgment or assignment of individual criminal responsibility.,UN_FINDING,"[""official-report"", ""witness-interview"", ""document"", ""medical-record""]","United Nations Independent International Commission of Inquiry on the Occupied Palestinian Territory, including East Jerusalem, and Israel","“More than a human can bear”: Israel’s systematic use of sexual, reproductive and other forms of gender-based violence since 7 October 2023",https://docs.un.org/en/A/HRC/58/CRP.6,A/HRC/58/CRP.6,para. 222,,Verified against paragraph 222 of A/HRC/58/CRP.6. The record is limited to the Commission's finding about an intentional detention policy and does not assign criminal responsibility to a named individual.,"[""un-coi-palestinian-detainee-sexualized-torture-2024-09-11"", ""ohchr-palestinian-detainee-treatment-2024-07-31""]","[""detainees"", ""israeli-authorities"", ""sexual-violence"", ""torture"", ""un-commission-of-inquiry""]",2026-08-16T00:00:00Z,2026-08-16T00:00:00Z
un-coi-palestinian-detainee-sexualized-torture-2024-09-11,UN Commission finding on sexualized torture of Palestinian detainees,,2024-09-11,"[""Israel"", ""Occupied Palestinian Territory""]","[""Israeli security forces""]","[""Palestinian detainees"", ""Palestinian men""]",detention,The Commission made findings concerning sexualized torture and sexual violence against Palestinian male detainees.,The Commission found that persecutory acts continued in detention as sexualized torture and that male detainees were subjected to attacks on sexual and reproductive organs and to rape.,"UN Commission finding that included war-crime and crime-against-humanity characterizations for rape, sexual violence and torture; not a judicial judgment.",UN_FINDING,"[""official-report"", ""witness-interview"", ""document"", ""medical-record""]","United Nations Independent International Commission of Inquiry on the Occupied Palestinian Territory, including East Jerusalem, and Israel","Report of the Independent International Commission of Inquiry on the Occupied Palestinian Territory, including East Jerusalem, and Israel",https://docs.un.org/en/A/79/232,A/79/232,para. 108,,Verified against paragraph 108 of A/79/232. This later report expressly supports the sexualized-torture formulation. The record attributes all factual and legal findings to the Commission and does not present them as court convictions.,"[""ohchr-palestinian-detainee-treatment-2024-07-31"", ""ohchr-detention-gaza-hostilities-2024-07-31""]","[""detainees"", ""israeli-forces"", ""sexual-violence"", ""torture"", ""un-commission-of-inquiry"", ""war-crimes""]",2026-08-16T00:00:00Z,2026-08-16T00:00:00Z
un-coi-sexual-violence-hostages-2024-06-12,UN Commission finding on sexual violence during abductions,2023-10-07,2024-06-12,"[""Israel""]","[""Hamas military wing"", ""other Palestinian armed groups""]","[""people abducted during the 7 October attacks""]",hostages,The Commission addressed sexual and gender-based violence committed during abductions in the 7 October attacks.,The Commission found reasonable grounds to conclude that members of Palestinian armed groups committed sexual and gender-based violence during the abduction of people in Israel on 7 October 2023.,"Factual finding by a UN commission applying a reasonable-grounds standard; it concerns violence during abduction, not treatment in captivity, and is not a judicial judgment or conviction.",UN_FINDING,"[""official-report"", ""witness-interview"", ""document"", ""image"", ""video"", ""expert-analysis""]","United Nations Independent International Commission of Inquiry on the Occupied Palestinian Territory, including East Jerusalem, and Israel","Report of the Independent International Commission of Inquiry on the Occupied Palestinian Territory, including East Jerusalem, and Israel",https://docs.un.org/en/A/HRC/56/26,A/HRC/56/26,"pp. 8-9, paras. 40-44",,Verified against the Commission’s discussion of sexual and gender-based violence in paragraphs 40-44 of A/HRC/56/26 and its reasonable-grounds standard in paragraph 6. The claim is limited to violence during abduction on 7 October; it makes no finding about hostage treatment in captivity and does not import findings about Israeli security forces’ treatment of Palestinian detainees.,"[""un-coi-hostage-taking-2024-06-12""]","[""7-october"", ""abduction"", ""hamas"", ""hostages"", ""sexual-violence"", ""un-commission-of-inquiry""]",2026-08-16T00:00:00Z,2026-08-16T00:00:00Z
icj-rafah-offensive-order-2024-05-24,ICJ provisional measure concerning the Rafah offensive,2024-05-24,2024-05-24,"[""Rafah Governorate"", ""Gaza Strip""]","[""State of Israel""]","[""Palestinians in the Rafah Governorate""]",displacement,The Court reaffirmed and added provisional measures after assessing changed circumstances in Rafah.,"The Court ordered Israel immediately to halt its military offensive, and any other action in the Rafah Governorate, which may inflict on the Palestinian group in Gaza conditions of life that could bring about its physical destruction in whole or in part.",Binding provisional measure in an ICJ case; no final determination that genocide occurred.,COURT_INTERIM_FINDING,"[""court-order""]",International Court of Justice,"Order of 24 May 2024, Application of the Genocide Convention in the Gaza Strip (South Africa v. Israel)",https://www.icj-cij.org/sites/default/files/case-related/192/192-20240524-ord-01-00-en.pdf,ICJ-General-List-192-Order-2024-05-24,"pp. 15-16, paras. 50-57, operative clause 2(a)","immediately halt its military offensive, and any other action in the Rafah Governorate","Verified against the cited ICJ order, including its operative clause. This is a binding provisional measure at an interim stage; it is not a final merits finding that genocide occurred. Classification judgment: categorization as displacement reflects the order’s factual context; the operative wording is reproduced without resolving differing interpretations of its scope, so manual review is requested.","[""icj-provisional-measures-2024-01-26"", ""icj-humanitarian-aid-order-2024-03-28""]","[""gaza"", ""genocide-convention"", ""icj"", ""provisional-measures"", ""rafah""]",2026-08-16T00:00:00Z,2026-08-16T00:00:00Z
un-coi-forcible-transfer-gaza-2024-06-12,UN Commission finding on forcible transfer in Gaza,,2024-06-12,"[""Gaza Strip""]","[""Israeli authorities"", ""Israeli security forces""]","[""Palestinian civilians in the Gaza Strip""]",displacement,The Commission assessed evacuation orders and mass displacement in Gaza through 31 December 2023.,"The Commission found that Israeli evacuation orders were at times insufficient, unclear and conflicting, and that the forced displacement of civilians in the circumstances amounted to forcible transfer.",Factual and war-crime finding by a UN commission of inquiry; not a judicial judgment.,UN_FINDING,"[""official-report"", ""witness-interview"", ""document"", ""image"", ""video"", ""expert-analysis""]","United Nations Independent International Commission of Inquiry on the Occupied Palestinian Territory, including East Jerusalem, and Israel","Report of the Independent International Commission of Inquiry on the Occupied Palestinian Territory, including East Jerusalem, and Israel",https://docs.un.org/en/A/HRC/56/26,A/HRC/56/26,"pp. 11-12, paras. 57-63; p. 18, para. 105",,"Verified against the cited paragraphs of A/HRC/56/26 and the Commission methodology in paragraphs 3-7, including its reasonable-grounds standard. This is attributed to the Commission and is not a court judgment or an individual conviction. Classification judgment: this record uses displacement for a finding the report legally characterizes as forcible transfer; manual review is requested.","[""un-coi-israeli-operations-gaza-2024-06-12""]","[""displacement"", ""forcible-transfer"", ""gaza"", ""israeli-forces"", ""un-commission-of-inquiry""]",2026-08-16T00:00:00Z,2026-08-16T00:00:00Z
un-coi-released-detainees-forced-displacement-2024-09-11,UN Commission finding on displacement of released Gaza detainees,,2024-09-11,"[""Gaza Strip""]","[""Israeli security forces""]","[""released Palestinian detainees"", ""Palestinian civilians""]",displacement,The Commission assessed restrictions on released detainees returning to northern Gaza and attacks on civilians attempting to return.,The Commission found that prohibiting released detainees from returning to northern Gaza constituted forced displacement and that attacks on civilians attempting to return to their families amounted to forcible transfer.,War-crime and crime-against-humanity findings by a UN commission of inquiry; not a judicial judgment.,UN_FINDING,"[""official-report"", ""witness-interview"", ""document""]","United Nations Independent International Commission of Inquiry on the Occupied Palestinian Territory, including East Jerusalem, and Israel","Report of the Independent International Commission of Inquiry on the Occupied Palestinian Territory, including East Jerusalem, and Israel",https://docs.un.org/en/A/79/232,A/79/232,para. 110,,Verified against paragraph 110 of A/79/232. The record preserves the Commission's legal characterization and does not present the finding as a court judgment.,"[""un-coi-forcible-transfer-gaza-2024-06-12"", ""ohchr-detention-gaza-hostilities-2024-07-31""]","[""detainees"", ""displacement"", ""forcible-transfer"", ""gaza"", ""israeli-forces"", ""un-commission-of-inquiry""]",2026-08-16T00:00:00Z,2026-08-16T00:00:00Z
un-coi-israeli-operations-gaza-2024-06-12,UN Commission findings on Israeli military operations in Gaza,,2024-06-12,"[""Gaza Strip""]","[""Israeli authorities"", ""Israeli security forces""]","[""Palestinian civilians in the Gaza Strip""]",attack-on-civilians,A UN Commission of Inquiry made factual and legal findings concerning Israeli authorities' and security forces' conduct in Gaza through 31 December 2023.,"For the period 7 October through 31 December 2023, the Independent International Commission of Inquiry found that Israeli authorities were responsible for war crimes including starvation as a method of warfare, murder or wilful killing, intentionally directing attacks against civilians and civilian objects, forcible transfer, sexual violence, torture, and cruel or inhuman treatment; it also found crimes against humanity of extermination and gender persecution.",War-crime and crime-against-humanity findings by a UN commission of inquiry; not a final judicial determination of state or individual criminal responsibility.,UN_FINDING,"[""official-report"", ""witness-interview"", ""document"", ""image"", ""video"", ""satellite-imagery"", ""expert-analysis""]","United Nations Independent International Commission of Inquiry on the Occupied Palestinian Territory, including East Jerusalem, and Israel","Report of the Independent International Commission of Inquiry on the Occupied Palestinian Territory, including East Jerusalem, and Israel",https://docs.un.org/en/A/HRC/56/26,A/HRC/56/26,"pp. 17-18, paras. 101-105",The Commission finds that the immense numbers of civilian casualties in Gaza and widespread destruction of civilian objects and infrastructure were the inevitable result,"Verified against the report's conclusions and its express temporal scope ending 31 December 2023 (para. 2). The Commission applied a reasonable-grounds standard described in paragraph 6. The list in this record follows paragraph 105 and is attributed only to the Commission, not characterized as a court judgment.","[""un-coi-palestinian-armed-groups-2024-06-12"", ""icc-warrants-netanyahu-gallant-2024-11-21"", ""ohchr-detention-gaza-hostilities-2024-07-31""]","[""civilian-harm"", ""crimes-against-humanity"", ""gaza"", ""israeli-forces"", ""un-commission-of-inquiry"", ""war-crimes""]",2026-08-16T00:00:00Z,2026-08-16T00:00:00Z
un-coi-palestinian-armed-groups-2024-06-12,UN Commission findings on 7 October attacks by Palestinian armed groups,2023-10-07,2024-06-12,"[""Israel""]","[""Hamas military wing"", ""other Palestinian armed groups"", ""Palestinian civilians who directly participated""]","[""Israeli civilians"", ""hostages"", ""members of Israeli security forces hors de combat""]",attack-on-civilians,A UN Commission of Inquiry found that members of Palestinian armed groups committed war crimes during their 7 October 2023 attack in Israel.,"The Independent International Commission of Inquiry found that members of the military wings of Hamas and other Palestinian armed groups committed war crimes on 7 October 2023, including intentionally directing attacks against civilians, murder or wilful killing, torture, inhuman or cruel treatment, and taking hostages.",War-crime findings by a UN commission of inquiry; not a judicial judgment assigning individual criminal liability.,UN_FINDING,"[""official-report"", ""witness-interview"", ""document"", ""image"", ""video"", ""expert-analysis""]","United Nations Independent International Commission of Inquiry on the Occupied Palestinian Territory, including East Jerusalem, and Israel","Report of the Independent International Commission of Inquiry on the Occupied Palestinian Territory, including East Jerusalem, and Israel",https://docs.un.org/en/A/HRC/56/26,A/HRC/56/26,"p. 16, paras. 96-97",The Commission concludes that members of the military wings of Hamas and of other Palestinian armed groups committed the war crimes,Verified against the Commission's conclusions and its methodology and evidentiary-standard sections (paras. 3-7). Paragraph 97 separately addresses Israeli civilians who directly participated. This record attributes findings to the Commission and does not present them as convictions of any named individual.,"[""ohchr-detention-gaza-hostilities-2024-07-31"", ""un-coi-israeli-operations-gaza-2024-06-12""]","[""7-october"", ""attacks-on-civilians"", ""hamas"", ""hostages"", ""un-commission-of-inquiry""]",2026-08-16T00:00:00Z,2026-08-16T00:00:00Z
ohchr-hostage-treatment-2024-07-31,OHCHR documentation of hostage treatment in Gaza,,2024-07-31,"[""Gaza Strip""]","[""Hamas"", ""other Palestinian armed groups""]","[""Israeli and foreign hostages""]",hostages,OHCHR reviewed information about hostages held in Gaza between 7 October 2023 and 30 June 2024.,"OHCHR documented released hostages’ accounts of inadequate food, water and medical care, poor sanitary conditions, beatings and other ill-treatment while held by Palestinian armed groups in Gaza.","Documented accounts relevant to hostage-taking and alleged cruel, inhuman or degrading treatment; not a judicial finding or conviction.",DOCUMENTED_EVIDENCE,"[""official-report"", ""witness-interview"", ""document"", ""medical-record""]",Office of the United Nations High Commissioner for Human Rights,Detention in the context of the escalation of hostilities in Gaza (7 October 2023 - 30 June 2024),https://www.ohchr.org/sites/default/files/documents/countries/opt/20240731-Thematic-report-Detention-context-Gaza-hostilities.pdf,OHCHR-OPT-Detention-Thematic-Report-2024-07-31,"pp. 20-22, paras. 83-94",,"Verified against the cited sections of the OHCHR thematic report, including its scope and methodology. OHCHR documents accounts and information; this record does not treat every reported incident as an adjudicated finding.","[""ohchr-detention-gaza-hostilities-2024-07-31"", ""un-coi-hostage-taking-2024-06-12""]","[""hamas"", ""hostages"", ""ill-treatment"", ""ohchr""]",2026-08-16T00:00:00Z,2026-08-16T00:00:00Z
un-coi-hostage-mistreatment-2024-09-11,UN Commission finding on intentional mistreatment of hostages,,2024-09-11,"[""Gaza Strip""]","[""Hamas"", ""other Palestinian armed groups""]","[""Israeli and foreign hostages""]",hostages,The Commission assessed physical and psychological mistreatment of hostages held in Gaza.,"The Commission found that hostages were intentionally mistreated to inflict physical pain and severe mental suffering, including physical violence, sexual violence, forced isolation, deprivation, threats and humiliation.",Factual and legal finding by a UN commission of inquiry; not a judicial judgment or individual conviction.,UN_FINDING,"[""official-report"", ""witness-interview"", ""document"", ""image"", ""video"", ""medical-record""]","United Nations Independent International Commission of Inquiry on the Occupied Palestinian Territory, including East Jerusalem, and Israel","Report of the Independent International Commission of Inquiry on the Occupied Palestinian Territory, including East Jerusalem, and Israel",https://docs.un.org/en/A/79/232,A/79/232,para. 111,,Verified against paragraph 111 of A/79/232. The record is limited to the Commission's finding about intentional mistreatment and keeps that institutional attribution explicit.,"[""un-coi-hostage-taking-2024-06-12"", ""ohchr-hostage-treatment-2024-07-31"", ""un-coi-sexual-violence-hostages-2024-06-12""]","[""hamas"", ""hostages"", ""ill-treatment"", ""sexual-violence"", ""torture"", ""un-commission-of-inquiry""]",2026-08-16T00:00:00Z,2026-08-16T00:00:00Z
un-coi-hostage-taking-2024-06-12,UN Commission finding on hostage-taking on 7 October,2023-10-07,2024-06-12,"[""Israel"", ""Gaza Strip""]","[""Hamas military wing"", ""other Palestinian armed groups""]","[""Israeli and foreign hostages""]",hostages,The Commission made a focused finding concerning people seized and taken to Gaza on 7 October 2023.,The Commission found that members of the military wings of Hamas and other Palestinian armed groups committed the war crime of taking hostages on 7 October 2023.,War-crime finding by a UN commission of inquiry; not a judicial judgment or conviction.,UN_FINDING,"[""official-report"", ""witness-interview"", ""document"", ""image"", ""video"", ""expert-analysis""]","United Nations Independent International Commission of Inquiry on the Occupied Palestinian Territory, including East Jerusalem, and Israel","Report of the Independent International Commission of Inquiry on the Occupied Palestinian Territory, including East Jerusalem, and Israel",https://docs.un.org/en/A/HRC/56/26,A/HRC/56/26,"p. 16, para. 96",,"Verified against the cited paragraphs of A/HRC/56/26 and the Commission methodology in paragraphs 3-7, including its reasonable-grounds standard. This is attributed to the Commission and is not a court judgment or an individual conviction.","[""un-coi-palestinian-armed-groups-2024-06-12""]","[""7-october"", ""hamas"", ""hostages"", ""un-commission-of-inquiry"", ""war-crimes""]",2026-08-16T00:00:00Z,2026-08-16T00:00:00Z
un-coi-hostage-war-crimes-2024-09-11,UN Commission findings on crimes against hostages in Gaza,,2024-09-11,"[""Gaza Strip""]","[""Hamas"", ""other Palestinian armed groups""]","[""Israeli and foreign hostages"", ""families of hostages""]",hostages,"The Commission made legal findings concerning torture, cruel treatment, sexual violence and enforced disappearance of hostages.","The Commission found that Hamas and other Palestinian armed groups committed war crimes including torture, inhuman or cruel treatment, rape and sexual violence against hostages and committed crimes against humanity including torture and enforced disappearance.",War-crime and crime-against-humanity findings by a UN commission of inquiry; not a court judgment or conviction.,UN_FINDING,"[""official-report"", ""witness-interview"", ""document"", ""image"", ""video"", ""medical-record""]","United Nations Independent International Commission of Inquiry on the Occupied Palestinian Territory, including East Jerusalem, and Israel","Report of the Independent International Commission of Inquiry on the Occupied Palestinian Territory, including East Jerusalem, and Israel",https://docs.un.org/en/A/79/232,A/79/232,para. 112,,Verified against paragraph 112 of A/79/232. The record attributes the legal findings solely to the Commission and does not imply a criminal conviction of any named individual.,"[""un-coi-hostage-mistreatment-2024-09-11"", ""un-coi-hostage-taking-2024-06-12""]","[""hamas"", ""hostages"", ""sexual-violence"", ""torture"", ""un-commission-of-inquiry"", ""war-crimes""]",2026-08-16T00:00:00Z,2026-08-16T00:00:00Z
icj-famine-setting-in-2024-03-28,ICJ interim assessment that famine was setting in,2024-03-28,2024-03-28,"[""Gaza Strip""]","[""State of Israel""]","[""Palestinians in the Gaza Strip""]",humanitarian-aid,The Court assessed the deterioration in living conditions before modifying provisional measures.,"At the provisional-measures stage, the Court observed that Palestinians in Gaza were no longer facing only a risk of famine, but that famine was setting in.",Interim factual assessment supporting modified provisional measures; not a final merits finding.,COURT_INTERIM_FINDING,"[""court-order""]",International Court of Justice,"Order of 28 March 2024, Application of the Genocide Convention in the Gaza Strip (South Africa v. Israel)",https://www.icj-cij.org/sites/default/files/case-related/192/192-20240328-ord-01-00-en.pdf,ICJ-General-List-192-Order-2024-03-28,"pp. 17-18, paras. 27-31",famine is setting in,"Verified against the cited ICJ order, including its operative clause. This is a binding provisional measure at an interim stage; it is not a final merits finding that genocide occurred. Classification judgment: the statement is an interim assessment rather than an operative legal determination; manual review is requested.","[""icj-humanitarian-aid-order-2024-03-28""]","[""famine"", ""gaza"", ""humanitarian-aid"", ""icj"", ""provisional-measures""]",2026-08-16T00:00:00Z,2026-08-16T00:00:00Z
icj-humanitarian-aid-order-2024-03-28,ICJ orders unhindered humanitarian assistance at scale,2024-03-28,2024-03-28,"[""Gaza Strip""]","[""State of Israel""]","[""Palestinians in the Gaza Strip""]",humanitarian-aid,The Court modified its provisional measures in light of worsening conditions of life in Gaza.,"The Court unanimously ordered Israel, in conformity with its Genocide Convention obligations, to ensure without delay and in full cooperation with the United Nations the unhindered provision at scale of urgently needed basic services and humanitarian assistance throughout Gaza.",Binding provisional measure in an ICJ case; no final determination on the merits of the genocide claim.,COURT_INTERIM_FINDING,"[""court-order""]",International Court of Justice,"Order of 28 March 2024, Application of the Genocide Convention in the Gaza Strip (South Africa v. Israel)",https://www.icj-cij.org/sites/default/files/case-related/192/192-20240328-ord-01-00-en.pdf,ICJ-General-List-192-Order-2024-03-28,"pp. 24-25, para. 51 (operative clause 2(a))",,"Verified against the cited ICJ order, including its operative clause. This is a binding provisional measure at an interim stage; it is not a final merits finding that genocide occurred.","[""icj-provisional-measures-2024-01-26"", ""un-coi-gaza-siege-starvation-2024-06-12""]","[""gaza"", ""genocide-convention"", ""humanitarian-aid"", ""icj"", ""provisional-measures""]",2026-08-16T00:00:00Z,2026-08-16T00:00:00Z
icj-rafah-crossing-order-2024-05-24,ICJ orders Rafah crossing kept open,2024-05-24,2024-05-24,"[""Rafah crossing"", ""Gaza Strip""]","[""State of Israel""]","[""Palestinians in the Gaza Strip""]",humanitarian-aid,The Court added a provisional measure addressing humanitarian access through the Rafah crossing.,The Court ordered Israel to maintain open the Rafah crossing for the unhindered provision at scale of urgently needed basic services and humanitarian assistance.,Binding provisional measure in an ICJ case; no final merits determination.,COURT_INTERIM_FINDING,"[""court-order""]",International Court of Justice,"Order of 24 May 2024, Application of the Genocide Convention in the Gaza Strip (South Africa v. Israel)",https://www.icj-cij.org/sites/default/files/case-related/192/192-20240524-ord-01-00-en.pdf,ICJ-General-List-192-Order-2024-05-24,"pp. 15-16, para. 57, operative clause 2(b)",,"Verified against the cited ICJ order, including its operative clause. This is a binding provisional measure at an interim stage; it is not a final merits finding that genocide occurred.","[""icj-rafah-offensive-order-2024-05-24"", ""icj-humanitarian-aid-order-2024-03-28""]","[""gaza"", ""humanitarian-aid"", ""icj"", ""provisional-measures"", ""rafah-crossing""]",2026-08-16T00:00:00Z,2026-08-16T00:00:00Z
un-coi-gaza-siege-starvation-2024-06-12,UN Commission finding on siege and starvation in Gaza,,2024-06-12,"[""Gaza Strip""]","[""Israeli authorities""]","[""Palestinian civilians in the Gaza Strip""]",humanitarian-aid,The Commission assessed restrictions on goods indispensable to civilian survival during the period through 31 December 2023.,"The Commission found that Israeli authorities used starvation as a method of warfare through a total siege that cut off supplies essential for civilian life, including water, food, electricity, fuel and humanitarian assistance.",War-crime finding by a UN commission of inquiry; not a court judgment or final determination of state or individual criminal responsibility.,UN_FINDING,"[""official-report"", ""witness-interview"", ""document"", ""image"", ""video"", ""expert-analysis""]","United Nations Independent International Commission of Inquiry on the Occupied Palestinian Territory, including East Jerusalem, and Israel","Report of the Independent International Commission of Inquiry on the Occupied Palestinian Territory, including East Jerusalem, and Israel",https://docs.un.org/en/A/HRC/56/26,A/HRC/56/26,"pp. 10-11, paras. 49-55; p. 18, para. 105",,"Verified against the cited paragraphs of A/HRC/56/26 and the Commission methodology in paragraphs 3-7, including its reasonable-grounds standard. This is attributed to the Commission and is not a court judgment or an individual conviction.","[""un-coi-israeli-operations-gaza-2024-06-12"", ""icc-warrants-netanyahu-gallant-2024-11-21""]","[""gaza"", ""humanitarian-aid"", ""israeli-authorities"", ""starvation"", ""un-commission-of-inquiry""]",2026-08-16T00:00:00Z,2026-08-16T00:00:00Z
icc-warrants-netanyahu-gallant-2024-11-21,ICC Pre-Trial Chamber issues warrants for Benjamin Netanyahu and Yoav Gallant,2024-11-21,2024-11-21,"[""Gaza Strip""]","[""Benjamin Netanyahu"", ""Yoav Gallant""]","[""civilians in the Gaza Strip""]",legal-proceeding,ICC Pre-Trial Chamber I announced arrest warrants after applying a reasonable-grounds threshold; the allegations have not been adjudicated at trial.,"The Chamber stated that it found reasonable grounds to believe Benjamin Netanyahu and Yoav Gallant each bore criminal responsibility for the war crime of starvation as a method of warfare and crimes against humanity of murder, persecution, and other inhumane acts during the period addressed by the warrants.",Arrest-warrant allegations under the Rome Statute at the reasonable-grounds-to-believe threshold; not convictions or final findings.,COURT_ALLEGATION,"[""arrest-warrant""]",International Criminal Court,Situation in the State of Palestine: ICC Pre-Trial Chamber I rejects the State of Israel's challenges to jurisdiction and issues warrants of arrest for Benjamin Netanyahu and Yoav Gallant,https://www.icc-cpi.int/news/situation-state-palestine-icc-pre-trial-chamber-i-rejects-state-israels-challenges,ICC-2024-11-21-Palestine-warrants-Netanyahu-Gallant,"Web release, sections headed ‘The warrants of arrest’ and ‘Conduct alleged’",The Chamber found reasonable grounds to believe that Mr Netanyahu and Mr Gallant bear criminal responsibility,"Verified against the ICC's official announcement, including its stated evidentiary threshold, temporal scope, and notice that the warrants were classified secret when issued. The underlying allegations remain subject to adjudication and the record deliberately uses COURT_ALLEGATION rather than a court finding or conviction label.","[""icj-provisional-measures-2024-01-26"", ""un-coi-israeli-operations-gaza-2024-06-12""]","[""arrest-warrants"", ""icc"", ""palestine-situation"", ""starvation""]",2026-08-16T00:00:00Z,2026-08-16T00:00:00Z
icj-advisory-opinion-occupation-2024-07-19,ICJ advisory opinion on Israel's continued presence in the Occupied Palestinian Territory,2024-07-19,2024-07-19,"[""Occupied Palestinian Territory""]","[""State of Israel""]","[""Palestinian people""]",legal-proceeding,"In a final advisory opinion, the International Court of Justice concluded that Israel's continued presence in the Occupied Palestinian Territory is unlawful.","The Court concluded that Israel's continued presence in the Occupied Palestinian Territory is unlawful, that Israel is obligated to bring that presence to an end as rapidly as possible, and that it must cease new settlement activity and evacuate all settlers from the territory.","Final advisory opinion of the International Court of Justice; authoritative legal findings in non-binding advisory proceedings, not a contentious judgment imposing criminal liability.",COURT_FINAL_FINDING,"[""advisory-opinion""]",International Court of Justice,"Legal Consequences arising from the Policies and Practices of Israel in the Occupied Palestinian Territory, including East Jerusalem, Advisory Opinion of 19 July 2024",https://www.icj-cij.org/sites/default/files/case-related/186/186-20240719-adv-01-00-en.pdf,ICJ-General-List-186-Advisory-Opinion-2024-07-19,"pp. 78-80, paras. 278-285; pp. 80-81, para. 285 (operative clause 3-4)",the State of Israel's continued presence in the Occupied Palestinian Territory is unlawful,"Verified against the reasoning and operative clause of the Court's advisory opinion. COURT_FINAL_FINDING denotes that this is the Court's completed advisory disposition, not that it is a binding contentious judgment or a determination of individual criminal responsibility. The record does not extend the opinion beyond the territory and questions before the Court.","[""icj-provisional-measures-2024-01-26"", ""un-coi-israeli-operations-gaza-2024-06-12""]","[""advisory-opinion"", ""icj"", ""occupation"", ""settlements""]",2026-08-16T00:00:00Z,2026-08-16T00:00:00Z
icj-annexation-occupied-territory-2024-07-19,ICJ advisory finding on annexation,,2024-07-19,"[""Occupied Palestinian Territory""]","[""State of Israel""]","[""Palestinian people""]",legal-proceeding,The Court assessed policies and practices that extend Israeli sovereignty over occupied territory.,"The Court considered that Israel’s policies and practices, including maintenance and expansion of settlements, construction of associated infrastructure and application of Israeli law, entrenched its control and amounted to annexation of large parts of the Occupied Palestinian Territory.",Final finding in a non-binding ICJ advisory opinion; not a criminal judgment.,COURT_FINAL_FINDING,"[""advisory-opinion""]",International Court of Justice,"Legal Consequences arising from the Policies and Practices of Israel in the Occupied Palestinian Territory, including East Jerusalem, Advisory Opinion of 19 July 2024",https://www.icj-cij.org/sites/default/files/case-related/186/186-20240719-adv-01-00-en.pdf,ICJ-General-List-186-Advisory-Opinion-2024-07-19,"pp. 62-64, paras. 163-179",,"Verified against the cited reasoning and operative clause of the ICJ advisory opinion. COURT_FINAL_FINDING refers to the completed, non-binding advisory disposition; it is not a contentious judgment or a criminal determination. Classification judgment: this record condenses several policies the Court assessed together; manual review is requested.","[""icj-advisory-opinion-occupation-2024-07-19""]","[""advisory-opinion"", ""annexation"", ""icj"", ""occupation""]",2026-08-16T00:00:00Z,2026-08-16T00:00:00Z
icj-natural-resources-occupation-2024-07-19,ICJ advisory finding on natural resources,,2024-07-19,"[""Occupied Palestinian Territory""]","[""State of Israel""]","[""Palestinian people""]",legal-proceeding,The Court assessed Israel’s exploitation of natural resources in the Occupied Palestinian Territory.,The Court concluded that Israel’s use of natural resources in the Occupied Palestinian Territory was inconsistent with its obligations under international law as an occupying Power.,Final finding in a non-binding ICJ advisory opinion.,COURT_FINAL_FINDING,"[""advisory-opinion""]",International Court of Justice,"Legal Consequences arising from the Policies and Practices of Israel in the Occupied Palestinian Territory, including East Jerusalem, Advisory Opinion of 19 July 2024",https://www.icj-cij.org/sites/default/files/case-related/186/186-20240719-adv-01-00-en.pdf,ICJ-General-List-186-Advisory-Opinion-2024-07-19,"pp. 50-52, paras. 148-156",,"Verified against the cited reasoning and operative clause of the ICJ advisory opinion. COURT_FINAL_FINDING refers to the completed, non-binding advisory disposition; it is not a contentious judgment or a criminal determination.","[""icj-advisory-opinion-occupation-2024-07-19""]","[""advisory-opinion"", ""icj"", ""natural-resources"", ""occupation""]",2026-08-16T00:00:00Z,2026-08-16T00:00:00Z
icj-palestinian-self-determination-2024-07-19,ICJ advisory finding on Palestinian self-determination,,2024-07-19,"[""Occupied Palestinian Territory""]","[""State of Israel""]","[""Palestinian people""]",legal-proceeding,The Court addressed the effect of Israel’s policies and practices on Palestinian self-determination.,"The Court concluded that Israel’s prolonged occupation, settlement policy, annexation and related policies and practices obstruct the Palestinian people’s exercise of its right to self-determination.",Final finding in a non-binding ICJ advisory opinion.,COURT_FINAL_FINDING,"[""advisory-opinion""]",International Court of Justice,"Legal Consequences arising from the Policies and Practices of Israel in the Occupied Palestinian Territory, including East Jerusalem, Advisory Opinion of 19 July 2024",https://www.icj-cij.org/sites/default/files/case-related/186/186-20240719-adv-01-00-en.pdf,ICJ-General-List-186-Advisory-Opinion-2024-07-19,"pp. 71-73, paras. 230-243",,"Verified against the cited reasoning and operative clause of the ICJ advisory opinion. COURT_FINAL_FINDING refers to the completed, non-binding advisory disposition; it is not a contentious judgment or a criminal determination.","[""icj-advisory-opinion-occupation-2024-07-19""]","[""advisory-opinion"", ""icj"", ""occupation"", ""self-determination""]",2026-08-16T00:00:00Z,2026-08-16T00:00:00Z
icj-provisional-measures-2024-01-26,ICJ indicates provisional measures in South Africa v. Israel,2024-01-26,2024-01-26,"[""Gaza Strip"", ""Israel""]","[""State of Israel"", ""Republic of South Africa""]","[""Palestinians in the Gaza Strip""]",legal-proceeding,The International Court of Justice indicated provisional measures while expressly stating that it was not deciding the merits of South Africa's genocide claims.,"At the provisional-measures stage, the Court found that at least some rights South Africa claimed under the Genocide Convention were plausible and that there was a real and imminent risk of irreparable prejudice; it ordered Israel to take specified measures pending a merits decision.",Provisional measures under Article 41 of the ICJ Statute in proceedings under the Genocide Convention; no final determination that genocide occurred.,COURT_INTERIM_FINDING,"[""court-order""]",International Court of Justice,"Order of 26 January 2024, Application of the Genocide Convention in the Gaza Strip (South Africa v. Israel)",https://www.icj-cij.org/sites/default/files/case-related/192/192-20240126-ord-01-00-en.pdf,ICJ-General-List-192-Order-2024-01-26,"pp. 24-26, paras. 54, 61-62; pp. 29-30, para. 86","The Court considers that there is urgency, in the sense that there is a real and imminent risk that irreparable prejudice will be caused","Verified against the operative order and its jurisdiction, plausibility, prejudice, and operative sections. Paragraph 30 says the Court was not called upon at this stage to establish breaches of Genocide Convention obligations. The record therefore does not state that the Court found genocide, or that the merits have been decided.","[""icc-warrants-netanyahu-gallant-2024-11-21""]","[""genocide-convention"", ""icj"", ""provisional-measures"", ""south-africa-v-israel""]",2026-08-16T00:00:00Z,2026-08-16T00:00:00Z
icj-settlements-violate-international-law-2024-07-19,ICJ advisory finding on Israeli settlements,,2024-07-19,"[""West Bank, including East Jerusalem""]","[""State of Israel""]","[""Palestinian people""]",legal-proceeding,The Court made a completed advisory finding on Israel’s settlement policy in occupied territory.,"The Court reaffirmed that Israeli settlements in the West Bank and East Jerusalem, and the regime associated with them, have been established and are being maintained in violation of international law.",Final finding in a non-binding ICJ advisory opinion; not a criminal judgment.,COURT_FINAL_FINDING,"[""advisory-opinion""]",International Court of Justice,"Legal Consequences arising from the Policies and Practices of Israel in the Occupied Palestinian Territory, including East Jerusalem, Advisory Opinion of 19 July 2024",https://www.icj-cij.org/sites/default/files/case-related/186/186-20240719-adv-01-00-en.pdf,ICJ-General-List-186-Advisory-Opinion-2024-07-19,"pp. 41-44, paras. 115-126","the Israeli settlements in the West Bank and East Jerusalem, and the régime associated with them, have been established and are being maintained in violation of international law","Verified against the cited reasoning and operative clause of the ICJ advisory opinion. COURT_FINAL_FINDING refers to the completed, non-binding advisory disposition; it is not a contentious judgment or a criminal determination.","[""icj-advisory-opinion-occupation-2024-07-19""]","[""advisory-opinion"", ""icj"", ""occupation"", ""settlements""]",2026-08-16T00:00:00Z,2026-08-16T00:00:00Z
icj-settler-violence-protection-2024-07-19,ICJ advisory finding on settler violence,,2024-07-19,"[""Occupied Palestinian Territory""]","[""State of Israel"", ""Israeli settlers""]","[""Palestinian people""]",legal-proceeding,The Court assessed Israel’s response to violence by settlers against Palestinians.,"The Court concluded that Israel’s systematic failure to prevent or punish attacks by settlers against Palestinians, as well as its excessive use of force against Palestinians, was inconsistent with its international obligations.",Final finding in a non-binding ICJ advisory opinion; not an assignment of individual criminal responsibility.,COURT_FINAL_FINDING,"[""advisory-opinion""]",International Court of Justice,"Legal Consequences arising from the Policies and Practices of Israel in the Occupied Palestinian Territory, including East Jerusalem, Advisory Opinion of 19 July 2024",https://www.icj-cij.org/sites/default/files/case-related/186/186-20240719-adv-01-00-en.pdf,ICJ-General-List-186-Advisory-Opinion-2024-07-19,"pp. 47-49, paras. 138-147",,"Verified against the cited reasoning and operative clause of the ICJ advisory opinion. COURT_FINAL_FINDING refers to the completed, non-binding advisory disposition; it is not a contentious judgment or a criminal determination.","[""icj-advisory-opinion-occupation-2024-07-19"", ""icj-settlements-violate-international-law-2024-07-19""]","[""advisory-opinion"", ""icj"", ""occupation"", ""settler-violence""]",2026-08-16T00:00:00Z,2026-08-16T00:00:00Z
icj-systemic-discrimination-2024-07-19,ICJ advisory finding on systemic discrimination,,2024-07-19,"[""Occupied Palestinian Territory""]","[""State of Israel""]","[""Palestinian people""]",legal-proceeding,The Court assessed legislation and measures differentiating between settlers and Palestinians in occupied territory.,The Court concluded that Israel’s legislation and measures imposed and served to maintain a near-complete separation between settler and Palestinian communities in the West Bank and East Jerusalem and constituted a breach of Article 3 of CERD.,Final finding in a non-binding ICJ advisory opinion; not a criminal judgment.,COURT_FINAL_FINDING,"[""advisory-opinion""]",International Court of Justice,"Legal Consequences arising from the Policies and Practices of Israel in the Occupied Palestinian Territory, including East Jerusalem, Advisory Opinion of 19 July 2024",https://www.icj-cij.org/sites/default/files/case-related/186/186-20240719-adv-01-00-en.pdf,ICJ-General-List-186-Advisory-Opinion-2024-07-19,"pp. 65-71, paras. 180-229",constitute a breach of Article 3 of CERD,"Verified against the cited reasoning and operative clause of the ICJ advisory opinion. COURT_FINAL_FINDING refers to the completed, non-binding advisory disposition; it is not a contentious judgment or a criminal determination. Classification judgment: the Court did not characterize the breach using the narrower label apartheid in its operative conclusion; manual review is requested.","[""icj-advisory-opinion-occupation-2024-07-19""]","[""advisory-opinion"", ""discrimination"", ""icj"", ""occupation""]",2026-08-16T00:00:00Z,2026-08-16T00:00:00Z
icj-third-states-nonrecognition-2024-07-19,ICJ advisory conclusion on obligations of other States,2024-07-19,2024-07-19,"[""Occupied Palestinian Territory""]","[""all States""]","[""Palestinian people""]",legal-proceeding,The Court stated consequences for other States arising from Israel’s unlawful continued presence.,The Court concluded that all States are under an obligation not to recognize as legal the situation arising from Israel’s unlawful presence in the Occupied Palestinian Territory and not to render aid or assistance in maintaining that situation.,Final conclusion in a non-binding ICJ advisory opinion.,COURT_FINAL_FINDING,"[""advisory-opinion""]",International Court of Justice,"Legal Consequences arising from the Policies and Practices of Israel in the Occupied Palestinian Territory, including East Jerusalem, Advisory Opinion of 19 July 2024",https://www.icj-cij.org/sites/default/files/case-related/186/186-20240719-adv-01-00-en.pdf,ICJ-General-List-186-Advisory-Opinion-2024-07-19,"pp. 77-81, paras. 273-285, operative clause 7",not to recognize as legal the situation arising from the unlawful presence of the State of Israel,"Verified against the cited reasoning and operative clause of the ICJ advisory opinion. COURT_FINAL_FINDING refers to the completed, non-binding advisory disposition; it is not a contentious judgment or a criminal determination.","[""icj-advisory-opinion-occupation-2024-07-19""]","[""advisory-opinion"", ""icj"", ""nonrecognition"", ""occupation""]",2026-08-16T00:00:00Z,2026-08-16T00:00:00Z
un-coi-cultural-education-self-determination-2025-05-06,UN Commission finding on cultural destruction and self-determination,,2025-05-06,"[""Occupied Palestinian Territory""]","[""Israeli authorities"", ""Israeli security forces"", ""Israeli settlers""]","[""Palestinian people""]",legal-proceeding,"The Commission assessed the combined effect of attacks on education, cultural and religious sites on Palestinian collective identity and self-determination.","The Commission concluded on reasonable grounds that destruction of education and cultural and religious sites, restrictions on access and erasure of heterogeneous history violated the Palestinian people's right to self-determination.",International-law finding by a UN commission of inquiry; not a judicial judgment.,UN_FINDING,"[""official-report"", ""document"", ""image"", ""video"", ""satellite-imagery"", ""expert-analysis""]","United Nations Independent International Commission of Inquiry on the Occupied Palestinian Territory, including East Jerusalem, and Israel","Report of the Independent International Commission of Inquiry on the Occupied Palestinian Territory, including East Jerusalem, and Israel",https://docs.un.org/en/A/HRC/59/26,A/HRC/59/26,para. 97,,Verified against paragraph 97 of A/HRC/59/26. The record preserves the Commission's reasonable-grounds wording and does not present the conclusion as a court judgment or extend it beyond the report's stated scope.,"[""icj-palestinian-self-determination-2024-07-19"", ""un-coi-gaza-education-system-destruction-2025-05-06""]","[""advisory-opinion"", ""occupation"", ""self-determination"", ""un-commission-of-inquiry""]",2026-08-16T00:00:00Z,2026-08-16T00:00:00Z
un-coi-genocidal-acts-gaza-2025-09-16,UN Commission finding on four genocidal acts in Gaza,,2025-09-16,"[""Gaza Strip""]","[""Israeli authorities"", ""Israeli security forces""]","[""Palestinians in the Gaza Strip""]",legal-proceeding,The Commission published a Genocide Convention legal analysis of Israeli authorities' and security forces' conduct in Gaza since October 2023.,"The Commission concluded on reasonable grounds that Israeli authorities and security forces committed and continued to commit four genocidal acts: killing, serious bodily or mental harm, destructive conditions of life and measures intended to prevent births.",Genocide-related legal finding by a UN commission of inquiry under its reasonable-grounds standard; not an ICJ judgment or final judicial determination of state responsibility.,UN_FINDING,"[""official-report"", ""document"", ""expert-analysis""]","United Nations Independent International Commission of Inquiry on the Occupied Palestinian Territory, including East Jerusalem, and Israel",Legal analysis of the conduct of Israel in Gaza pursuant to the Convention on the Prevention and Punishment of the Crime of Genocide,https://docs.un.org/en/A/HRC/60/CRP.3,A/HRC/60/CRP.3,para. 252,,"Verified against paragraph 252 of A/HRC/60/CRP.3. UN_FINDING is deliberate: this is the Commission's conclusion under its reasonable-grounds standard, not a final merits judgment by the International Court of Justice and not an independent conclusion by this ledger.","[""un-coi-reproductive-capacity-birth-prevention-2025-03-13"", ""icj-provisional-measures-2024-01-26""]","[""gaza"", ""genocide-convention"", ""israeli-authorities"", ""israeli-forces"", ""un-commission-of-inquiry""]",2026-08-16T00:00:00Z,2026-08-16T00:00:00Z
un-coi-genocidal-intent-gaza-2025-09-16,UN Commission finding on genocidal intent in Gaza,,2025-09-16,"[""Gaza Strip""]","[""Israeli authorities"", ""Israeli security forces""]","[""Palestinians in the Gaza Strip""]",legal-proceeding,The Commission assessed direct statements and the overall pattern of conduct in determining the mens rea element of genocide.,The Commission concluded that statements by Israeli authorities were direct evidence of genocidal intent and that the total pattern of conduct supported genocidal intent as the only reasonable inference.,Mens rea finding by a UN commission of inquiry in its Genocide Convention analysis; not an ICJ merits judgment or final judicial determination.,UN_FINDING,"[""official-report"", ""document"", ""expert-analysis""]","United Nations Independent International Commission of Inquiry on the Occupied Palestinian Territory, including East Jerusalem, and Israel",Legal analysis of the conduct of Israel in Gaza pursuant to the Convention on the Prevention and Punishment of the Crime of Genocide,https://docs.un.org/en/A/HRC/60/CRP.3,A/HRC/60/CRP.3,para. 254,,Verified against paragraph 254 of A/HRC/60/CRP.3. The ledger records the Commission's conclusion and uses UN_FINDING to prevent it from being confused with a final judgment of the International Court of Justice.,"[""un-coi-genocidal-acts-gaza-2025-09-16"", ""un-coi-incitement-genocide-officials-2025-09-16""]","[""gaza"", ""genocide-convention"", ""israeli-authorities"", ""israeli-forces"", ""un-commission-of-inquiry""]",2026-08-16T00:00:00Z,2026-08-16T00:00:00Z
un-coi-state-responsibility-genocide-gaza-2025-09-16,UN Commission conclusion on State responsibility for genocide in Gaza,,2025-09-16,"[""Gaza Strip""]","[""State of Israel""]","[""Palestinians in the Gaza Strip""]",legal-proceeding,The Commission stated its conclusion on State responsibility after applying its Genocide Convention analysis to conduct in Gaza.,"The Commission concluded that the State of Israel bears responsibility for failure to prevent genocide, commission of genocide and failure to punish genocide against Palestinians in the Gaza Strip.",State-responsibility conclusion by a UN commission of inquiry; not a final merits judgment of the International Court of Justice.,UN_FINDING,"[""official-report"", ""document"", ""expert-analysis""]","United Nations Independent International Commission of Inquiry on the Occupied Palestinian Territory, including East Jerusalem, and Israel",Legal analysis of the conduct of Israel in Gaza pursuant to the Convention on the Prevention and Punishment of the Crime of Genocide,https://docs.un.org/en/A/HRC/60/CRP.3,A/HRC/60/CRP.3,para. 255,,"Verified against paragraph 255 of A/HRC/60/CRP.3. UN_FINDING is intentionally used because this is the Commission's conclusion, not a final ICJ merits ruling in South Africa v. Israel and not an independent conclusion by this ledger.","[""un-coi-genocidal-acts-gaza-2025-09-16"", ""un-coi-genocidal-intent-gaza-2025-09-16"", ""icj-provisional-measures-2024-01-26""]","[""gaza"", ""genocide-convention"", ""israeli-authorities"", ""un-commission-of-inquiry""]",2026-08-16T00:00:00Z,2026-08-16T00:00:00Z
un-coi-incitement-genocide-officials-2025-09-16,UN Commission finding on incitement to genocide by Israeli officials,,2025-09-16,"[""Israel"", ""Gaza Strip""]","[""Isaac Herzog"", ""Benjamin Netanyahu"", ""Yoav Gallant"", ""Israeli authorities""]","[""Palestinians in the Gaza Strip""]",statement,The Commission assessed statements by senior Israeli political officials as part of its Genocide Convention legal analysis.,"The Commission concluded that President Isaac Herzog, Prime Minister Benjamin Netanyahu and then Defence Minister Yoav Gallant had incited the commission of genocide and that Israeli authorities failed to take action to punish the incitement.",Incitement-to-genocide finding by a UN commission of inquiry; not a criminal conviction or judicial judgment against the named individuals.,UN_FINDING,"[""official-report"", ""document"", ""expert-analysis""]","United Nations Independent International Commission of Inquiry on the Occupied Palestinian Territory, including East Jerusalem, and Israel",Legal analysis of the conduct of Israel in Gaza pursuant to the Convention on the Prevention and Punishment of the Crime of Genocide,https://docs.un.org/en/A/HRC/60/CRP.3,A/HRC/60/CRP.3,para. 253,,Verified against paragraph 253 of A/HRC/60/CRP.3. The named-person characterization is explicitly a UN Commission finding; the record does not present it as an ICC or domestic criminal conviction or as an ICJ judgment.,"[""un-coi-genocidal-acts-gaza-2025-09-16"", ""icc-warrants-netanyahu-gallant-2024-11-21""]","[""genocide-convention"", ""israeli-authorities"", ""statements"", ""un-commission-of-inquiry""]",2026-08-16T00:00:00Z,2026-08-16T00:00:00Z
